{
  "rustic:candle_gold": [
    {
      "properties": {},
      "temperature": 1.0
    }
  ],
  "minecraft:lava": [
    {
      "properties": {},
      "temperature": 12.5
    }
  ],
  "minecraft:magma": [
    {
      "properties": {},
      "temperature": 10.0
    }
  ],
  "simpledifficulty:campfire": [
    {
      "properties": {
        "burning": "true"
      },
      "temperature": 7.0
    },
    {
      "properties": {
        "burning": "false"
      },
      "temperature": 0.0
    }
  ],
  "minecraft:lit_furnace": [
    {
      "properties": {},
      "temperature": 4.0
    }
  ],
  "minecraft:torch": [
    {
      "properties": {},
      "temperature": 1.0
    }
  ],
  "minecraft:flowing_lava": [
    {
      "properties": {},
      "temperature": 12.5
    }
  ],
  "rustic:candle": [
    {
      "properties": {},
      "temperature": 1.0
    }
  ]
}