{
  "minecraft:milk_bucket": [
    {
      "identity": {
        "metadata": -1
      },
      "amount": 4,
      "saturation": 1.0,
      "thirstyChance": 0.2
    }
  ],
  "rustic:elixir": [
    {
      "identity": {
        "metadata": -1
      },
      "amount": 4,
      "saturation": 0.4,
      "thirstyChance": 0.0
    }
  ],
  "rustic:fluid_bottle": [
    {
      "identity": {
        "metadata": -1,
        "nbt": "{Fluid:{FluidName:\"oliveoil\"}}"
      },
      "amount": 2,
      "saturation": 0.1,
      "thirstyChance": 0.9
    },
    {
      "identity": {
        "metadata": -1,
        "nbt": "{Fluid:{FluidName:\"ironberryjuice\"}}"
      },
      "amount": 2,
      "saturation": 8.0,
      "thirstyChance": 0.0
    },
    {
      "identity": {
        "metadata": -1,
        "nbt": "{Fluid:{FluidName:\"wildberryjuice\"}}"
      },
      "amount": 6,
      "saturation": 5.0,
      "thirstyChance": 0.0
    },
    {
      "identity": {
        "metadata": -1,
        "nbt": "{Fluid:{FluidName:\"grapejuice\"}}"
      },
      "amount": 6,
      "saturation": 5.0,
      "thirstyChance": 0.0
    },
    {
      "identity": {
        "metadata": -1,
        "nbt": "{Fluid:{FluidName:\"applejuice\"}}"
      },
      "amount": 6,
      "saturation": 5.0,
      "thirstyChance": 0.0
    },
    {
      "identity": {
        "metadata": -1,
        "nbt": "{Fluid:{FluidName:\"alewort\"}}"
      },
      "amount": 5,
      "saturation": 5.0,
      "thirstyChance": 0.25
    },
    {
      "identity": {
        "metadata": -1,
        "nbt": "{Fluid:{FluidName:\"honey\"}}"
      },
      "amount": 4,
      "saturation": 3.0,
      "thirstyChance": 0.0
    },
    {
      "identity": {
        "metadata": -1,
        "nbt": "{Fluid:{FluidName:\"ale\"}}"
      },
      "amount": 5,
      "saturation": 5.0,
      "thirstyChance": 0.25
    },
    {
      "identity": {
        "metadata": -1,
        "nbt": "{Fluid:{FluidName:\"cider\"}}"
      },
      "amount": 5,
      "saturation": 5.0,
      "thirstyChance": 0.25
    },
    {
      "identity": {
        "metadata": -1,
        "nbt": "{Fluid:{FluidName:\"ironwine\"}}"
      },
      "amount": 5,
      "saturation": 5.0,
      "thirstyChance": 0.25
    },
    {
      "identity": {
        "metadata": -1,
        "nbt": "{Fluid:{FluidName:\"mead\"}}"
      },
      "amount": 5,
      "saturation": 5.0,
      "thirstyChance": 0.25
    },
    {
      "identity": {
        "metadata": -1,
        "nbt": "{Fluid:{FluidName:\"wildberrywine\"}}"
      },
      "amount": 5,
      "saturation": 5.0,
      "thirstyChance": 0.25
    },
    {
      "identity": {
        "metadata": -1,
        "nbt": "{Fluid:{FluidName:\"wine\"}}"
      },
      "amount": 5,
      "saturation": 5.0,
      "thirstyChance": 0.25
    }
  ]
}